X,Y,id,icon_url
-1.26662020093752,49.5907694430076,"1",./0.png
-1.26657597331588,49.5899654577313,"1",./0.png
-1.26647922209145,49.5894879112251,"1",./0.png
